time_s,current_A,dc_voltage_V,ac_voltage_V,temperature_C,temp_rate_Cpermin,fault_overcurrent,fault_undervoltage,fault_overvoltage,fault_thermal,fault_predictive
0,0.651706076978485,11.9075334279092,229.650417748566,28,2.33406384866495,0,0,0,0,0
0.5,0.61457851443854,12.166777002919,233.565442082098,28.0765036359998,2.13726362111281,0,0,0,0,0
1,0.56111507308442,11.3482306277993,227.168103616408,28.1041921730544,2.94343620775424,0,0,0,0,0
1.5,0.628334804876965,11.9724346640736,231.199892312618,28.0862608152172,3.18473745831534,0,0,0,0,0
2,0.530868942025982,11.8637530479718,221.702283447029,28.097252660361,3.46255753221106,0,0,0,0,0
2.5,0.612223733779494,11.5384623407389,229.915451308255,28.1068631810556,3.44500280511932,0,0,0,0,0
3,0.640421940158384,11.7132815955389,229.114396369971,28.1717004454523,3.46764251190116,0,0,0,0,0
3.5,0.61065208492085,11.8685248933077,226.877462100258,28.2123158305544,2.82628365691549,0,0,0,0,0
4,0.643983858211674,12.5156793879452,230.086044978454,28.2596918149158,2.86404454257328,0,0,0,0,0
4.5,0.701943812570702,12.353887405977,230.632886222614,28.2870835670933,2.48034738874864,0,0,0,0,0
5,0.646196622434447,11.5300226119687,231.10081694576,28.2889702093251,2.69576747081439,0,0,0,0,0
5.5,0.613345872329791,12.4069846932664,229.259373961109,28.3120272740761,3.37699175340255,0,0,0,0,0
6,0.632083075321089,11.9450808449892,229.803207683644,28.3428625516021,2.77283781921682,0,0,0,0,0
6.5,0.621274267781265,11.7873890253621,225.977945058849,28.2929564309463,3.46889192525632,0,0,0,0,0
7,0.534263824825656,11.9429485807652,224.714464629293,28.3218999495956,3.47667448131631,0,0,0,0,0
7.5,0.579179439015028,11.75900678834,227.197149822942,28.3882791605059,3.13576669181046,0,0,0,0,0
8,0.661234391239267,11.7751711303567,228.559651115704,28.4027702637204,3.26075975122912,0,0,0,0,0
8.5,0.597820789722683,12.0979395215571,230.85283401549,28.501390157659,3.05895581816382,0,0,0,0,0
9,0.629121163872398,12.0818068979601,225.62844378931,28.5494146883589,3.07360476071902,0,0,0,0,0
9.5,0.549674996269033,12.0834384826859,226.531566054203,28.5483974580775,4.36529004483644,0,0,0,0,0
10,0.603225837115555,11.9342994267216,236.923421611806,28.5607001885942,4.0828218811737,0,0,0,0,0
10.5,0.630014597459289,11.558502615463,226.132243929385,28.5669402589231,3.80133857823667,0,0,0,0,0
11,0.531924252256772,11.9434477302658,233.760908970338,28.5989962816621,4.92061851870876,0,0,0,0,0
11.5,0.617379631598003,12.1260470578329,230.883446780254,28.6567306013493,4.5360741463699,0,0,0,0,0
12,0.590907839077033,11.8977787540624,226.326590506128,28.66213510636,4.69493844283014,0,0,0,0,0
12.5,0.553023261702925,12.0069386019836,227.680334545303,28.7050573753589,4.45826092583826,0,0,0,0,0
13,0.598123340559041,11.9453770266766,227.354516260491,28.8128218069461,4.23010565224696,0,0,0,0,0
13.5,0.505184775318878,11.7393118150428,229.420469076295,28.8793963365232,4.5407558037373,0,0,0,0,0
14,0.493601161590866,11.8587742934193,232.096922875177,28.9406595585947,4.33569476142661,0,0,0,0,0
14.5,0.541153833464252,11.6425434392483,223.086588851793,28.9199192018973,2.90785385549287,0,0,0,0,0
15,0.550473388975791,11.9776791263515,234.071186594901,28.9132089929481,2.17434590398257,0,0,0,0,0
15.5,0.54134838363663,11.5705859786062,230.333367856765,28.9453365759012,2.51499231152756,0,0,0,0,0
16,0.513728610523565,11.5862259083664,226.353294230311,28.9603041784476,1.00694264690557,0,0,0,0,0
16.5,0.61441140448325,11.638100261115,227.621965919651,28.8990517559737,1.69505516544835,0,0,0,0,0
17,0.52029081398666,11.211143167601,228.8987412219,28.8433305983586,-0.133295462535742,0,0,0,0,0
17.5,0.605510942461169,12.087676058563,228.888513552028,28.9146400679862,0.624847000942339,0,0,0,0,0
18,0.639353333817899,11.8650381078912,231.602348752645,28.8967336941883,0.945745177577408,0,0,0,0,0
18.5,0.599888660684308,11.6490143361661,231.270518480204,29.0206509336439,0.346470596671196,0,0,0,0,0
19,0.60465543800294,12.074059708019,226.923890323962,28.9295516033834,0.649454261795256,0,0,0,0,0
19.5,0.581092147170512,11.4576967162293,227.610217108529,28.9719897853092,1.14817160631316,0,0,0,0,0
20,0.52586619444705,11.7795515107829,230.201212571327,28.9920210910796,2.57269541513419,0,0,0,0,0
20.5,0.597809070732085,11.7517105916785,228.360994710951,28.9742091256238,1.99710330597306,0,0,0,0,0
21,0.648041260584106,11.8638413478331,231.408993854065,29.0144253669306,1.4683473553297,0,0,0,0,0
21.5,0.686912246630667,11.8625717193275,225.939680643842,28.9947327231665,-1.23350946616134,0,0,0,0,0
22,0.578489687878695,11.6270240165351,229.415048590328,29.0577218829531,-0.0706154588168175,0,0,0,0,0
22.5,0.518633863176511,11.7939897407607,228.865027396368,29.081065343484,1.54761013745465,0,0,0,0,0
23,0.608317374623003,11.7670241961582,232.17556450514,29.0190959737991,2.85593604193794,0,0,0,0,0
23.5,0.618813295522536,11.9255414575057,223.963493969517,28.9178584781305,4.54222976453353,0,0,0,0,0
24,0.588652476764688,12.0186531338079,228.002242218575,28.9236669818153,5.9122870614176,0,0,0,0,0
24.5,1.02299202561945,12.0218546595229,228.160484422721,29.1009572967638,6.75255440539594,0,0,0,0,0
25,1.0506324461633,11.6272694356023,220.974284418265,29.230015761241,8.29190392966839,0,0,0,0,0
25.5,0.883276650473311,11.8154718182261,231.744285433662,29.3527282726683,8.91547170858288,0,0,0,0,0
26,0.953463221962626,11.5571765912769,236.427695560695,29.507115955382,11.1217629647741,0,0,0,0,0
26.5,0.853588054231724,11.5772998517026,227.303445414673,29.5574455902828,13.558471339884,0,0,0,0,0
27,0.964071753612046,11.7986301343793,228.86109644068,29.7487138770921,15.018503185142,0,0,0,0,0
27.5,1.07594197628811,12.106526061657,226.60618653032,29.8240213191992,13.1643085420634,0,0,0,0,0
28,1.05739531275558,11.6460668172493,229.152953330137,29.9459095541969,13.9699439050578,0,0,0,0,0
28.5,1.18302628845366,11.874275762552,226.86051742994,30.0477310897875,14.2648798687691,0,0,0,0,0
29,1.01333821306798,11.7548831195458,227.694665317364,30.1752089139105,15.0581841729172,0,0,0,0,0
29.5,0.827480739864021,12.0234712277629,232.854453425109,30.1979830086024,16.7442309506228,0,0,0,0,0
30,1.13515194459413,11.5821871409896,225.45831035205,30.3941777533292,15.8958999082433,0,0,0,0,0
30.5,1.10258245976741,11.806511492833,226.272350469862,30.5414682617324,15.8687810103103,0,0,0,0,0
31,0.95338952285222,11.9105054042224,227.772260614894,30.7619646364585,14.8027771575291,0,0,0,0,0
31.5,1.01780915845069,12.0201220435762,227.602585223467,30.9527981695014,15.0311013133841,0,0,0,0,0
32,1.06235611782899,12.1088423791008,232.31792899841,31.0733722027791,15.0728628800578,0,0,0,0,0
32.5,1.03077657260686,11.8171862266351,234.093788745074,31.1464197367251,16.8670661098369,0,0,0,0,0
33,1.05570935383066,11.5016819378725,225.065395169849,31.1794743173243,15.382139580733,0,0,0,0,0
33.5,0.990982755266096,11.651539632548,226.076928996023,31.3003228659028,15.531531933612,0,0,0,0,0
34,0.996894103925756,11.587683653336,229.561427008548,31.431280820582,14.3684333228314,0,0,0,0,0
34.5,1.00704709032903,12.2700914448004,226.857900011538,31.6035718510888,13.054218784953,0,0,0,0,0
35,0.936827522142692,11.6768796237066,233.97855582373,31.6760227183903,13.5118274917779,0,0,0,0,0
35.5,1.11383684950393,11.9496153567408,232.907610744448,31.8357625895334,14.2346499152135,0,0,0,0,0
36,1.00050653473037,11.7615162978823,229.677056673989,31.9593340800277,15.1369316294682,0,0,0,0,0
36.5,1.05491846782671,11.9777220850841,229.690912753221,32.0406497349141,16.2531243815022,0,0,0,0,0
37,0.93160530930813,11.6470301526864,226.984810136027,32.1993578270939,16.4871725668168,0,0,0,0,0
37.5,0.913981174601753,11.5195462061322,230.290942114756,32.3326405629929,15.7935158733332,0,0,0,0,0
38,0.992722619904509,11.5155248149817,231.382327038112,32.4408852864467,16.530579948662,0,0,0,0,0
38.5,0.979778253364881,11.897638781972,228.424713501789,32.6547498976946,16.1059290436284,0,0,0,0,0
39,1.09558590549073,11.7645249686762,233.78440230891,32.8052118678167,16.1672269885583,0,0,0,0,0
39.5,1.04848509674914,11.7607893024385,230.01191372866,32.9196981738665,16.9035938219444,0,0,0,0,0
40,1.04324115433297,12.0838620301285,227.669666289002,33.0535710474454,16.0769858971939,0,0,0,0,0
40.5,0.884404846462808,11.8583168747968,229.112886774036,33.1779233431691,15.439378709609,0,0,0,0,0
41,0.922584495383419,11.8395622106929,231.289784080045,33.3066029957409,15.7968313666592,0,0,0,0,0
41.5,1.0161641070574,12.1175398179948,226.805510678535,33.4492825534095,15.8015110380886,0,0,0,0,0
42,0.972169762153192,11.6391068087301,227.743612346134,33.5391066518601,15.2518742982322,0,0,0,0,0
42.5,1.10320703921243,11.9393248831699,235.119862233459,33.6192554554603,14.7104042490722,0,0,0,0,0
43,1.10729230551039,11.9670176330145,226.578236940194,33.757287900335,14.4008024613368,0,0,0,0,0
43.5,0.953536184847965,11.7512569719244,230.839022575255,33.971542484202,14.0581660258845,0,0,0,0,0
44,1.07001084815933,11.8431340172808,230.454484727601,34.0762013926694,13.7576034820091,0,0,0,0,0
44.5,1.11163599095462,11.5668312137036,232.766912653316,34.1455651946226,13.7707595803769,0,0,0,0,0
45,1.02567881775625,11.5704094442203,229.578035991636,34.2536379192235,14.0548674642845,0,0,0,0,0
45.5,1.12987059667359,11.8209749432033,220.604407342014,34.3494371786594,14.1764698520875,0,0,0,0,0
46,1.0849946647287,11.944450806445,225.442416172306,34.453069952575,13.6938203675282,0,0,0,0,0
46.5,1.01712841904277,12.3170982505232,229.535206238281,34.5968458517742,11.7692475724776,0,0,0,0,0
47,1.07014425615728,11.6666218658597,228.773324734123,34.7103456072171,11.4376279711361,0,0,0,0,0
47.5,1.01555256090329,11.8374662049158,233.887342185005,34.8006279431342,11.1974616442122,0,0,0,0,0
48,0.966808627218586,11.7835011149258,232.218944726776,34.898439597629,11.0309974087837,0,0,0,0,0
48.5,1.02867669875161,11.4133954164298,229.490501195774,34.9523131152418,10.6703474375195,0,0,0,0,0
49,1.00289781344353,11.712206769213,228.248491686827,35.0293370569307,10.4424589960759,0,0,0,0,0
49.5,0.970829506552871,11.441064231709,223.354566405071,35.0786869983069,9.97615547823253,0,0,0,0,0
50,1.14168156536146,11.9680751059508,233.589478899391,35.1728877032888,9.33389411063766,0,0,0,0,0
50.5,1.01770184541724,11.6223935835342,228.402079865457,35.2386327984527,9.67888871988654,0,0,0,0,0
51,1.21843020678944,11.8200185666279,223.361992278521,35.3232748689147,10.1493712044632,0,0,0,0,0
51.5,0.976306769332227,11.6910942140019,229.299847188575,35.4281921416269,10.3649504037895,0,0,0,0,0
52,1.0451436441548,11.8607041589299,228.308862659962,35.4881701164369,11.5490166551111,0,0,0,0,0
52.5,1.12660965304378,11.6799346875733,226.28896170037,35.6072020031248,11.4451541029823,0,0,0,0,0
53,1.21833840985683,11.8979930642348,229.479186470081,35.7442205313342,11.5196688477842,0,0,0,0,0
53.5,1.02428514246728,11.9478726247209,225.877460359476,35.8160589822243,11.2799159720291,0,0,0,0,0
54,0.936779321712169,12.1423775565963,223.955924892087,35.9917551115233,11.4974348255825,0,0,0,0,0
54.5,1.06427041860053,11.7611752928483,222.737095407191,36.0324498402221,10.8840780095975,0,0,0,0,0
55,0.894407783811305,11.372328946112,226.908573136058,36.1328601072708,11.2594413413767,0,0,0,0,0
55.5,0.978092339229875,11.6320822505327,226.118717983122,36.1786257961218,10.8266346645568,0,0,0,0,0
56,1.02174935372821,12.0709188656009,229.320450758142,36.2813944377132,9.91141120135006,0,0,0,0,0
56.5,1.11916428062289,11.5855689423231,223.492076613273,36.3351986424267,9.25043376878105,0,0,0,0,0
57,1.11497132198319,11.9921907739481,227.37529366695,36.426456894885,8.92111610454441,0,0,0,0,0
57.5,0.99779508827516,11.8248099600006,223.48462362125,36.5094215585045,11.0728647801146,0,0,0,0,0
58,1.07391450521012,12.0873393245438,233.429222468025,36.5701714647801,12.6419382076703,0,0,0,0,0
58.5,0.974297566402737,11.407820000127,227.649082296744,36.586928462956,13.2374433899282,0,0,0,0,0
59,1.05288999089203,11.7604603548052,231.67862695551,36.7351814535687,13.4166179301341,0,0,0,0,0
59.5,1.15322351508313,11.558430902948,229.484829433392,36.9551885718983,13.931519270071,0,0,0,0,0
60,1.01254076878537,12.3816016061459,230.725784563073,37.18635495791,14.3219886998474,0,0,0,0,0
60.5,0.975957083364478,11.9650437788457,224.537343495694,37.2817460786158,14.2151509499172,0,0,0,0,0
61,0.959997217802412,12.0757943955833,231.772666552294,37.3994459318911,13.7744721567164,0,0,0,0,0
61.5,1.05731771044572,11.5883639484025,232.357597250218,37.4961585815993,14.9915222927987,0,0,0,0,0
62,1.10698309816338,11.7062768837799,221.769565544511,37.6199559532056,13.9174109749857,0,0,0,0,0
62.5,1.17005439574855,11.74550611815,227.4705359878,37.6940174709976,11.5758649643534,0,0,0,0,0
63,1.00432366275501,12.0196849235777,226.043753425573,37.7180441445064,11.666417462714,0,0,0,0,0
63.5,1.01304287344257,11.7444256134425,228.469601411078,37.8362219873559,11.8217165859895,0,0,0,0,0
64,0.949383460762401,11.9403082916327,225.449322617078,37.8949657014842,12.0916467902621,0,0,0,0,0
64.5,1.12895931941723,11.3896367400178,228.837137756124,37.9198439855944,13.086576153366,0,0,0,0,0
65,0.993964102065033,11.7292300004451,229.791281191518,38.1585564131362,12.030152384966,0,0,0,0,0
65.5,0.962141028533491,11.6352826949686,228.734150123419,38.2668891274483,12.8293032894317,0,0,0,0,0
66,1.17473926294858,11.4845885954402,227.644960466775,38.4070831644129,14.282030338899,0,0,0,0,0
66.5,1.06479048850184,11.9015949301812,224.131776354165,38.5867065943798,14.3537348318037,0,0,0,0,0
67,1.05730742434218,11.8563968127341,228.172690925187,38.6224686519528,15.183489093449,0,0,0,0,0
67.5,0.919554309242911,11.8066959764489,226.437201338183,38.7631260784502,16.0081841755459,0,0,0,0,0
68,1.03471892905858,11.5332644113144,224.162919324661,38.9082133394147,15.0174714649422,0,0,0,0,0
68.5,1.04161148740999,12.0254984556683,227.8313183055,39.0323665566729,14.6475139019525,0,0,0,0,0
69,0.912620438612669,11.8700358821207,227.370959150483,39.1602564592716,13.9273550278772,0,0,0,0,0
69.5,0.981936443855796,11.7401867939334,228.576304675558,39.2538593335566,13.6470764109511,0,0,0,0,0
70,0.967606257876065,11.8045779585503,230.976996866973,39.410012368548,15.6698584062646,0,0,0,0,0
70.5,1.0422287372336,11.7476009130068,229.728732581336,39.4875152859443,15.1901327865964,0,0,0,0,0
71,0.919442970870786,11.4499575263106,231.917351314674,39.5676960834027,14.5860386068316,0,0,0,0,0
71.5,1.08712214164835,11.7428698056809,225.812082504403,39.7239629619591,14.7810443365082,0,0,0,0,0
72,1.14278997692971,11.6337266976865,225.406275937265,39.9282901858081,15.3297791904409,0,0,0,0,0
72.5,0.975699638390431,11.6041587389665,227.71523702578,40.0289704773333,16.2273344337092,0,0,0,0,1
73,0.999304269480501,11.5687196688672,232.149641746704,40.1237165566507,15.9555853334635,0,0,0,0,1
73.5,1.04053080212281,11.6932885781368,231.911044120588,40.2641202513819,16.0849064033546,0,0,0,0,1
74,1.09626015909482,11.3994728528234,227.622563458332,40.437738058475,16.9405947420516,0,0,0,0,1
74.5,1.0417614183759,11.9928458845263,226.209378645132,40.6061372030324,16.4578519470038,0,0,0,0,1
75,1.03176368738377,11.9040120202911,223.438061023161,40.73964447967,16.2720947601822,0,0,0,0,1
75.5,0.961375132774476,11.7959944296715,230.01552480199,40.8279241528906,15.6590037679206,0,0,0,0,1
76,0.981480224441111,11.7930457827943,228.068532870168,40.979412311907,16.0467898260967,0,0,0,0,1
76.5,1.04907081698668,11.6403672830872,224.466634241238,41.0954506242094,16.5757771262858,0,0,0,0,1
77,1.13462804290656,12.0037370564257,226.996265507701,41.28429808249,15.6354016619733,0,0,0,0,1
77.5,1.04547148590716,11.7733565040985,222.511634374176,41.3338874579933,14.6797169558767,0,0,0,0,1
78,0.903517659660088,11.6570939672426,229.289968790857,41.4609490421587,13.9574490598071,0,0,0,0,1
78.5,1.03464483111706,12.0702771536853,227.478019613059,41.6454350119057,14.1708580328767,0,0,0,0,1
79,0.99263034012002,11.7550457887895,232.893727257868,41.7406881969728,13.672685149044,0,0,0,0,1
79.5,0.980475604962768,11.6821941938558,223.921715935708,41.8294469493554,13.8022700993807,0,0,0,0,1
80,0.982464906956269,11.7412492804529,230.911520045908,41.9027652346539,12.4460912848443,0,0,0,0,1
80.5,0.929618662688909,11.6304147512724,228.430919431462,42.0088289889636,13.3405415324387,0,0,0,0,1
81,0.974335653992873,11.5759743397513,228.247810773475,42.118802740994,12.8934775836214,0,0,0,0,1
81.5,0.937246776499549,12.3051999384237,230.149992043674,42.2456397991578,11.8984089881618,0,0,0,0,1
82,0.970802997764874,12.1310995185775,231.580451586016,42.321472356227,11.6924685138135,0,0,0,0,1
82.5,1.00938164579148,11.8615070318477,224.786814243762,42.4455992523632,11.8978784603765,0,0,0,0,1
83,1.01394717510172,11.5485763281296,231.956706627938,42.5354055074605,14.5999797029192,0,0,0,0,1
83.5,0.982747486956546,11.626906393889,224.369990576416,42.6369690942525,16.8117340710348,0,0,0,0,1
84,0.98779108163003,11.7646931771537,224.77765529468,42.7150605731239,17.6201997625655,0,0,0,0,1
84.5,1.00269505758908,11.9582832123257,225.982319754471,42.8209368210535,18.0105095844083,0,0,0,0,1
85,1.03666257643998,11.533599115737,230.209386544726,43.1194302098972,17.7736364780628,0,0,0,0,1
85.5,1.10253049767046,11.334026568839,224.790117921599,43.4098068282165,17.3733578636595,0,0,0,0,1
86,1.04960720412466,11.5101805414323,229.004145358578,43.5871527212078,17.3640394039521,0,0,0,0,1
86.5,0.977066091003163,11.8667021666132,229.235647785765,43.7465155978585,17.9064569899542,0,0,0,0,1
87,1.0478412571401,11.8782707208866,228.462360562603,43.8026087293989,18.6991514752341,0,0,0,0,1
87.5,0.980357385971751,11.8903358837856,229.663712093011,43.8933790743349,18.2137215501673,0,0,0,0,1
88,0.857541025989836,11.7739430693709,224.481462934632,43.9824087911232,15.1476300486422,0,0,0,0,1
88.5,0.812220861684402,11.8367378191724,231.022760057887,44.1291738434154,11.8276015768753,0,0,0,0,1
89,0.86291237609421,11.7047693966762,228.340560840331,44.2733231960601,10.4226438748572,0,0,0,0,1
89.5,0.981029819122632,11.9724043223114,230.190152602333,44.3387469502341,9.91377904961922,0,0,0,0,1
90,0.528776495429181,11.5276611058258,225.049464658443,44.3817327139507,10.217078219659,0,0,0,0,1
90.5,0.635872115775368,11.8910059112889,228.156094670154,44.3954402929561,9.95645337001397,0,0,0,0,1
91,0.56110472399073,11.6302581240133,230.632798117784,44.4557063774459,10.0025846117791,0,0,0,0,1
91.5,0.61579929403543,11.7330226122072,231.042423122826,44.5726638519934,9.31195134782774,0,0,0,0,1
92,0.67032675690384,11.9105566691889,227.74695476764,44.6540319143705,7.33228833880406,0,0,0,0,1
92.5,0.620056231786593,12.007818130701,222.439405270961,44.723083521836,7.27846789995243,0,0,0,0,1
93,0.646483014220983,11.576472263347,224.709537870422,44.8159575087714,7.22706228037526,0,0,0,0,1
93.5,0.519709889768962,12.0521317418242,228.655882882575,44.9051697890677,6.56215497321168,0,0,0,0,1
94,0.63307681220617,11.9320286282094,230.382737552161,44.8843472242937,5.76183042823288,0,0,0,0,1
94.5,0.706925112691426,11.7864268892915,229.389372584794,44.9452859418968,4.88640936234577,0,0,0,0,1
95,0.627056970670857,11.7609557604203,226.162109927339,44.983987903982,5.12525089255348,0,0,0,0,1
95.5,0.522956140907106,11.7564787299714,234.733199431918,44.9422865407238,4.87905591740596,0,0,0,0,1
96,0.589842860258908,11.7393784757297,228.217042825078,44.9358589131319,4.641918562158,0,0,0,0,1
96.5,0.575001738911033,11.804609124885,230.596543188908,44.9798646321889,3.75258347176901,0,0,0,0,0
97,0.619151195639041,11.8102580711698,226.752910600213,45.0811361554166,3.42807262542087,0,0,0,0,0
97.5,0.620601768905587,11.9652125580423,224.655185682221,45.1296715149532,3.47315806807768,0,0,0,0,0
98,0.620274627525822,12.1053953373467,230.055757283799,45.2027840556179,3.15802564414443,0,0,0,0,0
98.5,0.581810962455949,11.8933828871369,231.113019645838,45.2178850783818,5.08199596150669,0,0,0,0,1
99,0.570036397997903,11.7580573323223,233.466634585293,45.1700199430788,6.92018501243044,0,0,0,0,1
99.5,0.570520550429098,11.8,226.41303452077,45.2347157809033,6.88909875653661,0,0,0,0,1
100,0.642677041703224,11.735,223.116099801013,45.2471567076607,7.10955895501405,0,0,0,0,1
100.5,0.50734959642902,11.67,232.851907295123,45.3657862041826,7.81932345630381,0,0,0,0,1
101,0.589634842017619,11.605,228.792410225746,45.5125409975011,6.81294624732635,0,0,0,0,1
101.5,0.613518910134496,11.54,224.618561443022,45.5539561952336,7.33172018333144,0,0,0,0,1
102,0.567361449397054,11.475,226.322472422894,45.6735994016678,8.78277246509111,0,0,0,0,1
102.5,0.623861364250384,11.41,225.573464530388,45.7812818029785,9.04021913179986,0,0,0,0,1
103,0.596434017498627,11.345,231.48301285679,45.7705295762285,10.0170001163687,0,0,0,0,1
103.5,0.553084935586559,11.28,229.77631580744,45.8288617603261,9.71808355266145,0,0,0,0,1
104,0.608068176732532,11.215,228.728242993454,45.9019176485031,9.08406540847861,0,0,0,0,1
104.5,0.586590855904331,11.15,228.721432454038,45.9880673752199,9.11953520401067,0,0,0,0,1
105,0.579506367612163,11.085,225.535498803459,46.0819067173581,8.63136298618215,0,0,0,0,1
105.5,0.564433864473693,11.02,230.97933637864,46.1756265002378,6.70743522952318,0,0,0,0,1
106,0.603072274179205,10.955,229.039184173554,46.2695464482077,6.85545153253773,0,0,0,0,1
106.5,0.50769353819507,10.89,227.2165994179,46.3139174622345,7.59664469638045,0,0,0,0,1
107,0.580083344026093,10.825,227.445861284736,46.3928796505163,7.04353088356888,0,0,0,0,1
107.5,0.572822593919381,10.76,227.694795001264,46.3402347387721,6.92626958699341,0,0,0,0,1
108,0.554405074785567,10.695,225.338870568516,46.3418172039399,7.42507372882284,0,0,0,0,1
108.5,0.632634929549762,10.63,230.224131291916,46.4619154850245,6.48709095954979,0,0,0,0,1
109,0.563286437070454,10.565,232.176623612664,46.4888785554671,5.50448080560861,0,0,0,0,1
109.5,0.627031654490722,10.5,235.421700868129,46.5652565074694,5.39639705473417,0,0,0,0,1
110,0.648792044229091,10.435,229.511757728073,46.7006628614266,5.43348474285708,0,0,0,0,1
110.5,0.592156479263647,10.37,225.532558338508,46.7162174135336,6.66236513480553,0,0,0,0,1
111,0.613889966086169,10.305,228.602945611939,46.7282531820084,6.77669139555599,0,0,0,0,1
111.5,0.631975865155544,10.24,224.978842417473,46.7636172167957,5.11174407006678,0,0,0,0,1
112,0.59595109924697,10.175,226.160485319298,46.8456700457544,5.2860302854437,0,0,0,0,1
112.5,0.627043507188197,10.11,226.023109827451,46.8954318333392,4.95680758168763,0,0,0,0,1
113,0.536871757768602,10.045,225.500312017464,46.9065414869029,3.73080364091814,0,0,0,0,0
113.5,0.655521192033508,9.98,229.134537890661,46.88789415753,4.10696571180165,0,1,0,0,1
114,0.550521866046582,9.915,224.653972211975,46.9293810792541,4.02528753890789,0,1,0,0,1
114.5,0.508558203289808,9.85,230.00172405524,46.9783238059433,4.65045921535727,0,1,0,0,1
115,0.669224925567713,9.785,230.385998410998,47.0115631648365,3.08105292807468,0,1,0,0,0
115.5,0.596863660297937,9.72,231.112475563043,47.0584645561837,3.29068026793055,0,1,0,0,0
116,0.622446056000958,9.655,227.938706422192,47.0636938102507,4.27878448634738,0,1,0,0,1
116.5,0.581837076376616,9.59,229.856859257608,47.1511554847421,4.71325494296764,0,1,0,0,1
117,0.548970830343449,9.525,233.409190532149,47.1024244564273,4.90115781076278,0,1,0,0,1
117.5,0.446350573035647,9.46,228.158979933878,47.1696551890001,5.20891684910447,0,1,0,0,1
118,0.631313949884957,9.395,227.466329739497,47.2631068607652,5.16127341830708,0,1,0,0,1
118.5,0.585665773339439,9.33,233.317447685866,47.2806654027773,5.31027080900009,0,1,0,0,1
119,0.590132854657454,9.265,220.473589160757,47.3378108968177,6.21478785788511,0,1,0,0,1
119.5,0.620280268632027,9.2,226.630232443922,47.4124002100354,5.32295800677164,0,1,0,0,1
120,0.52903257697326,11.5866597202031,235.291132610812,47.4416692830287,7.12882456839395,0,0,0,0,1
120.5,0.563527738100861,11.9867456325342,226.585637742304,47.5009871236004,7.69877885406609,0,0,0,0,1
121,0.657366392079256,11.8700642002712,226.319014526555,47.5815927984078,7.49006723266604,0,0,0,0,1
121.5,0.629893231644074,11.7941988472583,224.320597878709,47.5947353186397,8.00843243164721,0,0,0,0,1
122,0.535935937045374,11.8364904335012,230.378851090795,47.6964931704601,7.343990978433,0,0,0,0,1
122.5,0.489836787891505,11.4869887971699,221.670178704467,47.8112200935056,7.46582366827414,0,0,0,0,1
123,0.571437684010445,11.7830921040365,225.601814621982,47.8872791301541,7.10508540145915,0,0,0,0,1
123.5,0.610699823935823,12.1207892701206,229.700925278698,47.9480347720813,8.06774410065452,0,0,0,0,1
124,0.647118846665119,11.819669554928,227.995671303412,47.9498101450204,8.13636103212269,0,0,0,0,1
124.5,0.604686274533346,11.8082747226979,229.871773998764,48.0345521823916,8.85754194439778,0,0,0,0,1
125,0.543884413923598,11.6531661774607,228.379322493104,48.0337597331503,8.12028898820569,0,0,0,0,1
125.5,0.615307890928411,11.7938372539975,230.042603382563,48.1732991319883,6.15777988865807,0,0,0,0,1
126,0.541383256622336,11.8464694025249,224.137752258418,48.2596228844181,5.24767878966139,0,0,0,0,1
126.5,0.551951671823117,11.8852775114818,228.654254557574,48.3328638140062,5.45780812199408,0,0,0,0,1
127,0.567313249182099,11.7254382516553,223.300298778913,48.3731839194773,7.60396948102641,0,0,0,0,1
127.5,0.538530317550042,11.7527090832486,230.349845792511,48.3243684175604,9.67121336492059,0,0,0,0,1
128,0.586451743501834,12.2047381773206,227.068290273835,48.3245856959592,12.5065705889795,0,0,0,0,1
128.5,0.555002496632859,11.3483292059008,229.965973234719,48.4028521155808,13.1469054930564,0,0,0,0,1
129,0.585715693119908,12.2458891360914,226.387597920988,48.5834742684393,14.8243903743821,0,0,0,0,1
129.5,2.10705612777521,11.8675127401226,228.98593020976,48.8404866294683,17.162866818986,1,0,0,0,1
130,2.09197594305141,12.0000121639178,231.162215914287,49.0759739488986,19.1666406473396,1,0,0,0,1
130.5,2.20609857604483,11.4671671050026,222.060902042537,49.268874589743,23.5274802638995,1,0,0,0,1
131,2.10115278571247,11.681993087159,222.397835446238,49.4949887489499,25.4327204407783,1,0,0,0,1
131.5,2.10542274507573,11.7443871672469,222.502932986924,49.7631027155884,26.907781118926,1,0,0,0,1
132,2.29144376367719,11.8845431382441,230.54577634542,49.9704039734222,27.4117727738899,1,0,0,0,1
132.5,2.31735024557483,11.4659598604299,229.215561780185,50.2849917728854,25.7952642211771,1,0,0,0,1
133,2.56548765371137,11.8943268652833,225.89263189032,50.443979066024,25.9486687307088,1,0,0,0,1
133.5,2.24536111248066,11.5574305600651,232.497138063854,50.6451672088246,26.3205377180169,1,0,0,0,1
134,2.2087479780833,11.8132380096849,228.413384597191,50.8677886662635,26.2955885201096,1,0,0,0,1
134.5,2.11387990564094,11.9304711777323,223.23953580029,50.990091981233,26.1950456061101,1,0,0,0,1
135,2.17071813984233,11.8654119934354,224.942563455487,51.238363009791,26.9736438739913,1,0,0,0,1
135.5,2.19242030837117,12.0165267008474,223.844298776922,51.462252732911,26.3199010692496,1,0,0,0,1
136,1.93663374389071,12.0012154221638,230.864659290921,51.6862877922924,26.7707589326849,1,0,0,0,1
136.5,2.16139635646271,11.6698184526805,226.196639041887,51.9460231827642,26.9685457944821,1,0,0,0,1
137,2.31243128280567,11.8514112314868,224.484327587564,52.2182076295882,27.1491601260851,1,0,0,0,1
137.5,2.11438535365004,11.6111244387192,226.26866907871,52.4783168619895,27.5674400085397,1,0,0,0,1
138,2.27413500639297,11.5356422957215,225.490708426641,52.6748756437478,26.6065688031159,1,0,0,0,1
138.5,2.34871606582379,11.9849651866987,230.558908590262,52.8925460250314,26.3037145130176,1,0,0,0,1
139,2.36157101701513,11.8000099698151,229.43199353603,53.1302186767706,26.3018950081011,1,0,0,0,1
139.5,2.31652626973105,11.7890162170781,228.906960224841,53.2873786486113,26.899628477815,1,0,0,0,1
140,0.579267054127226,11.9822254531308,229.247328571854,53.4555770767174,26.7517729971719,0,0,0,0,1
140.5,0.695609041918193,11.9189167394818,228.128924487914,53.6542289423292,26.0049617638605,0,0,0,0,1
141,0.580455063388311,11.8700402347749,225.153440309828,53.8781123763008,25.908801727853,0,0,0,0,1
141.5,0.620459104127368,12.050050245661,229.624825098766,54.1876588892488,26.8570349152446,0,0,0,0,1
142,0.542878591593928,11.9859578917115,225.536615223843,54.4475220460192,28.2850873231632,0,0,0,0,1
142.5,0.568756811218164,11.8479526514117,224.784284854653,54.6453970089779,29.1396311075648,0,0,0,0,1
143,0.541563857504272,11.6619277793778,224.777725090865,54.8339424544022,29.4739308709309,0,0,0,0,1
143.5,0.619628764064877,11.6696892716499,230.60865842194,55.1306322679685,28.8825161536799,0,0,0,0,1
144,0.665091975217481,12.0384203741063,230.943154243576,55.4873092870342,29.4209077790621,0,0,0,0,1
144.5,0.57031791190798,11.4776339222644,222.723523892583,55.7156812409084,28.5201810142169,0,0,0,0,1
145,0.621818769578107,11.7951076126728,227.555712127299,55.9117379826283,28.741068083628,0,0,0,0,1
145.5,0.574781875973709,11.4102305646202,228.755825238526,56.0611052884692,28.4613451583315,0,0,0,0,1
146,0.605105385665171,12.0040996028905,226.168846122321,56.3298546912226,28.983144835578,0,0,0,0,1
146.5,0.659812527041118,11.9723432604787,230.282939430655,56.5643406404336,27.6704392716674,0,0,0,0,1
147,0.606014140818082,11.8002324166967,228.763288506751,56.8426110529882,26.7952877658635,0,0,0,0,1
147.5,0.548157830146162,11.7858325573679,227.541498969188,57.0171757721722,26.3641099528109,0,0,0,0,1
148,0.557144838055613,11.3027432158593,226.327767374372,57.2492045240337,26.5989837312034,0,0,0,0,1
148.5,0.591506284797797,11.9162344645352,230.031052970542,57.4365022072741,27.2378838701567,0,0,0,0,1
149,0.590416585997685,11.3615130160068,230.547892321266,57.7202499341894,27.2492685576086,0,0,0,0,1
149.5,0.556709239613003,11.3361439386713,229.40792154777,57.9126904036426,27.3324988708918,0,0,0,0,1
150,0.609033206679309,11.8159867420597,227.280654886532,58.1283199602286,26.0307427521393,0,0,0,0,1
150.5,0.663326423778632,11.6103038032859,230.76295636143,58.3309289443156,26.1963533959328,0,0,0,0,1
151,0.587441535628081,11.8822981242847,225.279355864779,58.6006270710233,25.4245823788603,0,0,0,0,1
151.5,0.589771497466843,11.9353955611368,228.433321818826,58.8420488796745,26.1204343856505,0,0,0,0,1
152,0.489923904698186,11.9715465090411,232.189227084545,59.0118396156664,25.5546338955045,0,0,0,0,1
152.5,0.561274344761962,11.6617681749234,227.430903721185,59.2002052218333,24.9041007484531,0,0,0,0,1
153,0.530336370797242,11.8898755246334,225.468492327522,59.367919722272,23.8124419462325,0,0,0,0,1
153.5,0.580688267450818,11.820126670063,233.830314149542,59.613205072745,23.9968949045628,0,0,0,0,1
154,0.626279317505893,11.965213999694,227.259235378275,59.8498027588148,23.8188333818573,0,0,0,0,1
154.5,0.67616346376953,11.9072314159852,229.324857467598,59.9880321326804,23.6630532233362,0,0,0,0,1
155,0.689924722595413,11.979577685197,225.589165547339,60.1126901224146,23.3392865959946,0,0,0,0,1
155.5,0.594155786651511,11.7736124264151,228.862828298113,60.3306701863625,22.7878178855074,0,0,0,0,1
156,0.583990190655718,11.7705597087697,229.401054281262,60.5855298528448,23.9354905624139,0,0,0,0,1
156.5,0.640875814161861,12.0015546810611,228.013684828686,60.8139699816192,23.5448425624846,0,0,0,0,1
157,0.624507959441199,11.3752689075169,228.97827107581,60.9567801653327,23.1139253313564,0,0,0,0,1
157.5,0.638262558000782,11.6990827188972,231.6137601496,61.0991900456256,24.884895312387,0,0,0,0,1
158,0.638913952265566,11.5458811100383,223.787652503787,61.3625439358065,25.5511208996204,0,0,0,0,1
158.5,0.525984741329069,11.7234830394585,228.616690666363,61.5752752862854,25.6566249553772,0,0,0,0,1
159,0.627018197980488,11.9297358524097,222.026412631734,61.7759632030945,25.4889928157145,0,0,0,0,1
159.5,0.595423048906588,11.9651454298484,228.085226801755,62.0617734087127,25.8796390579995,0,0,0,0,1
160,0.561987381152072,11.597011271464,233.791546226257,62.241950197383,26.2933048259663,0,0,0,0,1
160.5,0.565320227842825,11.7057860174634,230.82341036498,62.4687222659772,27.4387774153623,0,0,0,0,1
161,0.664072887633168,11.827404974826,227.979226646094,62.7096125874877,28.5676106667158,0,0,0,0,1
161.5,0.559513119461712,11.7416273248493,226.985275058183,62.9706065697858,27.747048264853,0,0,0,0,1
162,0.538159082358858,11.8603637110522,229.584797351044,63.1478889008298,28.2391806828074,0,0,0,0,1
162.5,0.610734322406589,11.8799861885912,231.17069878302,63.3857548302391,27.3115975753112,0,0,0,0,1
163,0.700538588376681,11.614007688212,228.044221849807,63.7431781580329,27.2932242854882,0,0,0,0,1
163.5,0.601277721670615,11.7646339468142,232.844283800737,63.8875293083564,26.7127698931208,0,0,0,0,1
164,0.615414971812343,11.3735810801677,225.552435114431,64.1292282599951,26.7608257353457,0,0,0,0,1
164.5,0.553087639468611,12.0290723421037,222.0067226269,64.3377398733219,27.6582736097743,0,0,0,0,1
165,0.683710797588956,11.6741818478012,225.755425775056,64.516385554507,27.6945902162548,0,0,0,0,1
165.5,0.606249408692251,11.5592300051996,227.402087938085,64.6947864237373,27.8047748049129,0,0,0,0,1
166,0.626505062827535,11.7492110633154,226.881719766089,64.9396813987665,25.8202580571208,0,0,0,0,1
166.5,0.552396588829926,11.5142706270736,225.457886519506,65.2754627039337,27.9139838882337,0,0,0,0,1
167,0.642702140911024,11.7958284764597,232.011714129385,65.4557714188511,27.9803926937432,0,0,0,0,1
167.5,0.619457286725888,11.6878670006944,223.151048226156,65.7028193973152,28.0355099991548,0,0,0,0,1
168,0.542199945752415,12.2355557418368,226.524547215205,65.8948663294596,28.9036872063846,0,0,0,0,1
168.5,0.601987006349462,12.0276930774659,225.092095298978,66.2136946323759,29.3995271055537,0,0,0,0,1
169,0.577470069814621,11.3006226993631,226.577676238419,66.4609276511404,29.7651069524582,0,0,0,0,1
169.5,0.605462397083283,11.8882653863455,226.001508524418,66.6740323732515,28.2643772253891,0,0,0,0,1
170,0.587472357877692,11.5203724248378,229.435124049345,66.925026155039,28.0678219588735,0,0,0,0,1
170.5,0.590504917267566,11.7489889640238,224.876825600964,67.1447470158668,27.8911159271438,0,0,0,0,1
171,0.548354324284958,11.8328808146637,225.538022728027,67.420106978138,29.1631750795219,0,0,0,0,1
171.5,0.58383540392903,11.9495468057616,228.303388818039,67.6308274727161,27.2592624157883,0,0,0,0,1
172,0.638326342705272,11.7453906101194,231.251947610594,67.7947565820905,26.7870590238193,0,0,0,0,1
172.5,0.687233658983452,12.1152600293092,222.436418287851,68.0270790579105,27.4726992565516,0,0,0,0,1
173,0.54197400369151,11.7038125696442,233.399258357364,68.3251309194197,25.9486983920248,0,0,0,0,1
173.5,0.718870592619208,11.8655024241659,225.364877083264,68.4852998336916,26.3273155297683,0,0,0,0,1
174,0.676303898125354,11.9329468241255,229.9431981793,68.693182569792,26.1147722331834,0,0,0,0,1
174.5,2.9480319296938,11.8170377185442,231.148695096757,68.9634239779641,26.3542165083594,1,0,0,0,1
175,3.28712466177391,11.9761905570762,231.969280130537,69.0874176877078,26.5649267521454,1,0,0,0,1
175.5,3.58029828701858,11.8646426275695,226.447923103086,69.3386899766808,26.4127762507886,1,0,0,0,1
176,3.47893510631366,11.6431707632672,228.072944849133,69.5963379975699,25.5320658275438,1,0,0,0,1
176.5,3.40097088474378,11.4389253297228,227.512899379339,69.8270121817461,26.8111895807158,1,0,0,0,1
177,3.48738372560563,12.1717185897111,226.183016741798,70.0085004781026,27.3547075006101,1,0,0,1,0
177.5,0.644180856836041,11.6790939822451,228.815129292027,70.2281437454762,26.5416710025033,0,0,0,1,0
178,0.621797209108186,11.8206719444621,229.075930236537,70.4528030717151,28.6656729491928,0,0,0,1,0
178.5,0.644837368152723,11.9126333910292,226.943054631658,70.7195656320846,28.2599056236272,0,0,0,1,0
179,0.625236601397245,11.8227193993468,228.397079784599,70.9727415281762,27.3205111304976,0,0,0,1,0
179.5,0.579955143224208,11.6190547574404,236.020745331598,71.1752298948394,26.9293689595657,0,0,0,1,0
180,0.574307599395039,11.7064570835096,227.977301773666,71.4762237668072,27.9066754000681,0,0,0,1,0
180.5,0.639818379811695,11.7750220105554,230.130908809984,71.6936821119831,28.0280857527285,0,0,0,1,0
181,0.566440491799635,12.0957916983008,226.612381911561,71.8730472584447,28.5054911301918,0,0,0,1,0
181.5,0.659332952143319,11.6278368619986,226.4163662982,72.0711262617099,27.985873498381,0,0,0,1,0
182,0.639535098535179,11.9569336934576,226.962638799287,72.3340567614417,29.0798555374604,0,0,0,1,0
182.5,0.614386074733683,11.8617246279897,229.693673321203,72.5638175582036,28.2906092667728,0,0,0,1,0
183,0.600161305728154,11.7532279915742,225.595382567994,72.8282606658977,27.0691260362485,0,0,0,1,0
183.5,0.618280859373646,11.588605450808,222.441159644495,73.0517217569497,27.049091130255,0,0,0,1,0
184,0.776333890916942,11.7431718090748,228.15964805236,73.3960628229645,27.5902605412195,0,0,0,1,0
184.5,0.594378166874399,11.7826619435081,226.690754348835,73.5327806670705,28.727000822323,0,0,0,1,0
185,0.522170303253086,11.5061209851027,228.840022416798,73.7319842698279,28.3435069367246,0,0,0,1,0
185.5,0.695755114772839,11.8384364489742,228.253817661543,73.9477730395043,28.1574510244299,0,0,0,1,0
186,0.630492302661915,11.635541344742,230.187357178704,74.1722356368797,27.6652952137902,0,0,0,1,0
186.5,0.567604418845418,11.7811518824081,230.702259286937,74.4650429969035,28.0746590353488,0,0,0,1,0
187,0.730866745602536,11.8672426681908,224.023085116404,74.6960156728354,26.1689100084164,0,0,0,1,0
187.5,0.627547521037271,11.6190691881506,223.426263514545,74.9102718102394,27.43878402986,0,0,0,1,0
188,0.614710184222335,11.7423487277589,229.507299999189,75.1337019337136,26.7493260020572,0,0,0,1,0
188.5,0.561107810087331,11.8700125515068,228.919174276948,75.3912766765621,26.7525832117423,0,0,0,1,0
189,0.546753495195498,11.4328281714991,225.182518604044,75.5768053236659,26.1339568618011,0,0,0,1,0
189.5,0.511579298384447,12.0071951816491,231.71220637929,75.8193460028921,24.8685516380261,0,0,0,1,0
190,0.578854023205079,12.2848922289879,228.099035743665,75.9610947699993,24.9063970707933,0,0,0,1,0
190.5,0.547344878540491,11.9918801018816,228.370704954664,76.1771549738162,24.3002759961537,0,0,0,1,0
191,0.632387762248586,11.7368456009981,228.821818138652,76.3500653753631,23.6657300621779,0,0,0,1,0
191.5,0.584118590574324,11.8857245359719,230.262497424847,76.5374223000723,22.3053178913665,0,0,0,1,0
192,0.688449578459329,11.5928030442973,232.573492517201,76.7715487620682,21.3818678399965,0,0,0,1,0
192.5,0.675529119759638,12.1755730920992,227.214072713233,76.9352948099189,21.0204666822997,0,0,0,1,0
193,0.608200515845372,11.9881408806704,222.807949476681,77.1058461055617,22.6571280963777,0,0,0,1,0
193.5,0.58586181427474,11.9574691559871,231.04039289997,77.2500531675093,22.5952438788819,0,0,0,1,0
194,0.657608290397419,11.6248251476087,225.216791704661,77.3586276436656,23.01994693612,0,0,0,1,0
194.5,0.542674618394165,11.8639898268765,231.731040858671,77.5710515597504,22.7836233976798,0,0,0,1,0
195,0.633684934827089,11.6883411430298,226.231533907242,77.8491887780308,23.5640971804019,0,0,0,1,0
195.5,0.566544350231363,11.7377141162906,232.47444520436,78.060091963723,24.0894965532783,0,0,0,1,0
196,0.579983864968267,11.6859980166716,225.582065715857,78.2683942867065,25.4592924105773,0,0,0,1,0
196.5,0.566409878639047,11.5948532768743,224.66220284174,78.4360575832123,26.5859957499587,0,0,0,1,0
197,0.628781450829157,11.6182508826251,230.870818704298,78.7352235271016,27.7652705308605,0,0,0,1,0
197.5,0.561095324228959,11.7580205331889,223.910845233188,78.9427528560254,28.5054702089925,0,0,0,1,0
198,0.546821939855767,11.4602271831655,230.041754888172,79.2274538064432,28.3972840377444,0,0,0,1,0
198.5,0.62764891506435,11.9215201151692,229.313470867697,79.4655528133392,28.4395794308644,0,0,0,1,0
199,0.578828558108176,11.7764403421464,227.570197359984,79.672400187904,29.3575220263565,0,0,0,1,0
199.5,0.618079358242403,13.3170608660036,226.975402486198,79.9465074104998,31.0543394811887,0,0,1,1,0
200,0.582405537902695,13.2475860587278,234.173431902193,80.2156291145095,30.0649792290731,0,0,1,1,0
200.5,0.613477035398653,13.3412232686445,226.876394893723,80.430056916295,30.0612187627659,0,0,1,1,0
201,0.471777532193946,13.202260848431,227.429390407641,80.7148544555695,29.5275902519766,0,0,1,1,0
201.5,0.623293206403941,13.195213058978,225.183802768165,81.0239192066447,29.5214562212207,0,0,1,1,0
202,0.692678047124692,13.3701334654275,225.559612906851,81.2406384628577,30.163794362568,0,0,1,1,0
202.5,0.651964466992361,13.1490288287233,226.249143745414,81.4478544195892,29.3611533960334,0,0,1,1,0
203,0.645544828972925,13.1997145039856,233.128576111572,81.6880863274412,29.200760915189,0,0,1,1,0
203.5,0.588013435669934,13.2919867079806,226.828740546687,81.9256741651076,29.8967856814804,0,0,1,1,0
204,0.609049903989622,13.2149808732633,225.929803910161,82.186049718118,29.2257443431968,0,0,1,1,0
204.5,0.612212477340667,13.3404933445677,226.655337894213,82.3932701935026,28.2489459411913,0,0,1,1,0
205,0.604819644226986,12.0348233502987,230.143129050299,82.6490258574419,27.5357201796448,0,0,0,1,0
205.5,0.558476575119037,11.8253894136087,224.052806255151,82.9214557230851,26.9854481838815,0,0,0,1,0
206,0.582387390716887,11.6686368142104,229.881366285789,83.1503331508359,25.865800200611,0,0,0,1,0
206.5,0.591261248022795,11.5037201856842,224.006115470218,83.3779980350773,24.9081733563508,0,0,0,1,0
207,0.575967329025949,11.8310977991808,227.607455544721,83.5352818111615,24.330607095025,0,0,0,1,0
207.5,0.641841835570884,11.9637102737042,222.519311487846,83.696641768246,23.5150131023085,0,0,0,1,0
208,0.726917467069451,11.7414823738331,229.60776739533,83.8435696774921,24.433584224908,0,0,0,1,0
208.5,0.53383328742598,11.6918427167023,230.07859414631,84.0013552781368,24.2479945165758,0,0,0,1,0
209,0.606417013167165,11.738271636944,225.937350734758,84.2136003093701,22.9008781659858,0,0,0,1,0
209.5,0.527881042331943,11.5806813396949,228.952727269321,84.352854618695,22.1161692062464,0,0,0,1,0
210,0.665125410480357,11.7013980369367,228.488527020373,84.6851578761842,22.8044487663597,0,0,0,1,0
210.5,0.670495575000951,11.763852128717,231.477347717492,84.9421219327997,22.4804018294276,0,0,0,1,0
211,0.516872851482096,11.8091682211427,228.385164175991,85.058739664668,23.0813301931985,0,0,0,1,0
211.5,0.697184223919607,11.7872433759955,231.118374399905,85.2210121355978,24.4825030474863,0,0,0,1,0
212,0.545765077388119,11.922267038813,227.649686576086,85.4356525416914,24.4772345186331,0,0,0,1,0
212.5,0.611340948751071,11.821863538755,226.055109269687,85.570008587365,25.4058385245876,0,0,0,1,0
213,0.654946460124237,12.1628030900561,227.886056385337,85.7670138602587,23.4572439611259,0,0,0,1,0
213.5,0.607359437623613,11.8624047656659,227.402025543684,86.0415638654273,22.6802784134593,0,0,0,1,0
214,0.714783290650642,12.1608987543448,230.645009616047,86.2533698525895,23.1099318255262,0,0,0,1,0
214.5,0.737627893879774,11.6553757040859,227.831567787279,86.4700078290773,24.0211889680098,0,0,0,1,0
215,0.606915886240778,11.9053094075499,225.476283391838,86.639928206278,23.8141795318992,0,0,0,1,0
215.5,0.504646689581344,11.7479498276588,227.535468485742,86.8321451339213,25.3119265657482,0,0,0,1,0
216,0.581750350331326,11.9200285017617,231.565784011393,86.9845673167952,26.3302052797519,0,0,0,1,0
216.5,0.557594499421259,11.9187861591298,226.755278162292,87.222777882932,26.3219241265882,0,0,0,1,0
217,0.561762331773943,11.3627956774504,226.024149712466,87.420167502683,26.3993476064799,0,0,0,1,0
217.5,0.543615259273153,11.5345913700959,230.951972004296,87.6793358011773,26.1372994882489,0,0,0,1,0
218,0.603909444754167,11.5117972804722,228.303682483676,87.9611976335713,26.0038435769544,0,0,0,1,0
218.5,0.705331482785289,11.880368899408,226.91188252764,88.235057542643,26.4083458949076,0,0,0,1,0
219,0.564207630343309,12.0940402561697,225.783516504525,88.4533154864628,27.794963800862,0,0,0,1,0
219.5,0.585974216912926,11.7346371542428,223.56047276931,88.6481161197647,27.3718787440646,0,0,0,1,0
220,0.658323750225801,11.9624646009282,228.460115248417,88.8069151710242,27.5392123084612,0,0,0,1,0
220.5,0.660641070938213,11.9091080207052,227.048947584417,89.0328406251636,27.4389730311345,0,0,0,1,0
221,0.624277049352898,11.5896735380958,228.956754757209,89.3008143002004,27.2149826641593,0,0,0,1,0
221.5,0.651300824309799,11.8794933991591,223.630360236159,89.5037677782707,25.7185152551134,0,0,0,1,0
222,0.643536301054184,11.6496210522636,231.965503505654,89.7151018617215,25.8593911044447,0,0,0,1,0
222.5,0.580912106074555,12.1032533793292,229.461611812653,89.9659168871052,26.2792796165142,0,0,0,1,0
223,0.62144465135515,11.7934866981611,223.30012125256,90.2291128555846,26.9230115596364,0,0,0,1,0
223.5,0.585043473998855,12.1271999314557,231.171178886849,90.3782671472358,27.3875766077846,0,0,0,1,0
224,0.555006574000023,11.714988301878,226.237266610262,90.6082647451665,26.5933783944931,0,0,0,1,0
224.5,0.631737273062854,11.9178866733436,228.906664853797,90.8380560878075,26.3022234445133,0,0,0,1,0
225,0.603372679541428,11.7874417548563,228.658387165263,91.0504994676606,26.5718212262651,0,0,0,1,0
225.5,0.590643972757931,11.3956082139896,225.365396695463,91.3151386758123,26.4779193022437,0,0,0,1,0
226,0.61458637275012,11.6035736948442,219.415800722187,91.5169291664081,25.8290636782599,0,0,0,1,0
226.5,0.649384734595584,11.9225022596334,229.606665889756,91.6956197319801,27.1568859589045,0,0,0,1,0
227,0.619646728493878,11.7890227740023,226.973888070294,91.9294202972436,26.126101243004,0,0,0,1,0
227.5,0.609727568701303,11.5762535995095,226.206423435792,92.1724101622922,25.3636549118805,0,0,0,1,0
228,0.613989247824117,11.6747242922266,229.256738125231,92.3815348287729,23.6110349132603,0,0,0,1,0
228.5,0.602561015592223,11.8499035481126,225.930957837679,92.6413409771445,23.388208728615,0,0,0,1,0
229,0.561276687803029,11.6013961986901,230.013573123873,92.7854398487502,23.0121086655799,0,0,0,1,0
229.5,0.639339085520145,11.9949900449623,228.452692381557,92.9516939971309,23.3559464362141,0,0,0,1,0
230,0.670445347549675,11.6718580986548,225.026043345495,93.0180857104323,23.7958988104682,0,0,0,1,0
230.5,0.573295070810406,12.1617725241039,230.510489843245,93.2641560698636,23.550627661743,0,0,0,1,0
231,0.696387921490585,11.5840267498522,229.423526910706,93.4346048885398,23.4168719893677,0,0,0,1,0
231.5,0.591187622637119,11.8398378888151,231.75649756431,93.6419486016646,22.4301165621263,0,0,0,1,0
232,0.587812481875677,11.4957946876462,225.322132033018,93.9124118647826,23.1967075993056,0,0,0,1,0
232.5,0.555119967064502,11.6552737749422,225.314177311895,94.1349624674374,24.2034154804341,0,0,0,1,0
233,0.560383156744648,11.6813499369978,228.939977782578,94.3329408278869,25.1369627302015,0,0,0,1,0
233.5,0.552351265452331,11.8802672679638,230.001099483807,94.5105173573217,24.7831093156573,0,0,0,1,0
234,0.617695272711821,11.9884266638474,230.484349656911,94.718498815359,25.8471592106685,0,0,0,1,0
234.5,0.679851316195558,11.8600971935191,228.019527834682,94.9686452871671,25.1465990993257,0,0,0,1,0
235,0.626373512557096,11.7253858682738,227.29232340859,95.1128326046158,24.9426590204042,0,0,0,1,0
235.5,0.642710115057592,11.9630977016185,229.958463284859,95.3294151795017,25.3219937711805,0,0,0,1,0
236,0.667092326102298,11.9597773984313,233.893597534683,95.5885348227622,25.056971711851,0,0,0,1,0
236.5,0.475023327903515,11.8240410563913,230.653752520427,95.7374985266084,24.6633481053456,0,0,0,1,0
237,0.591622033891515,11.9142495259429,228.253610871228,95.9909667831496,25.0674542482054,0,0,0,1,0
237.5,0.617650765726358,11.8825592020623,226.276457816225,96.2451286150358,25.190650014571,0,0,0,1,0
238,0.635862686274508,11.6026076233297,229.49925189223,96.4210218038745,26.44776499668,0,0,0,1,0
238.5,0.534757418063419,11.951913665183,226.547686552164,96.5657963661005,26.946483573533,0,0,0,1,0
239,0.549706552412796,11.6685597401803,228.715336906946,96.8074533360428,25.7677716340399,0,0,0,1,0
239.5,0.639534173487366,11.6792163037248,228,97.0678661217147,26.9705158019473,0,0,0,1,0
240,0.594171433567057,11.8353893644659,226.9,97.3168130210058,26.220890914323,0,0,0,1,0
240.5,0.627654494393914,11.7384993060275,225.8,97.5749554772961,25.4741286181729,0,0,0,1,0
241,0.551967759764043,11.7736359294168,224.7,97.7358491255988,25.0698724629938,0,0,0,1,0
241.5,0.518309880210361,11.9190715347768,223.6,97.9850415101041,26.6327027900588,0,0,0,1,0
242,0.638060014093342,12.009366556861,222.5,98.1760410260099,26.4778541318919,0,0,0,1,0
242.5,0.659665357585153,11.7604082734776,221.4,98.3679726665502,26.5950674900293,0,0,0,1,0
243,0.681602860796044,11.8655356327814,220.3,98.5101778424573,27.1543096031035,0,0,0,1,0
243.5,0.523390519851712,11.7523396990821,219.2,98.7851882652721,26.0142567094298,0,0,0,1,0
244,0.533157379763988,11.8459193786441,218.1,99.0139411803671,27.1093439656938,0,0,0,1,0
244.5,0.526307675099574,11.8879995809645,217,99.2841217458838,26.7513793251976,0,0,0,1,0
245,0.597916846285177,11.6766268142222,215.9,99.5796721545977,27.6479409693335,0,0,0,1,0
245.5,0.569224633243579,11.8549673573823,214.8,99.7428102030819,28.6493780284694,0,0,0,1,0
246,0.665707740438792,11.9202204064937,213.7,99.99496112274,30.0751987944644,0,0,0,1,0
246.5,0.527246670875888,11.8184615902478,212.6,100.214323120537,28.9245066213343,0,0,0,1,0
247,0.512882538970119,12.1459682783145,211.5,100.480036106788,28.7435805075306,0,0,0,1,0
247.5,0.61026523416461,11.6782885110523,210.4,100.755420835589,28.2998994648038,0,0,0,1,0
248,0.659646519926286,11.6525880456604,209.3,101.016444408663,29.2884114039946,0,0,0,1,0
248.5,0.559858845084703,11.4500241387225,208.2,101.19556381705,30.7067251592911,0,0,0,1,0
249,0.536718178888101,11.9820965159294,207.1,101.409239555995,31.7132953162064,0,0,0,1,0
249.5,0.592533432340822,11.9734165105895,206,101.642446701284,31.9696500590235,0,0,0,1,0
250,0.518177666087305,11.7840214321884,204.9,102.020373104931,31.5481931640862,0,0,0,1,0
250.5,0.600867217302183,11.9796951978754,203.8,102.301703966356,31.2514765534872,0,0,0,1,0
251,0.641419363299555,11.8367406846183,202.7,102.637735732424,30.4425275001177,0,0,0,1,0
251.5,0.610886917419074,11.8581580269769,201.6,102.878460625456,31.6780553502822,0,0,0,1,0
252,0.504537754936864,11.8225889434042,200.5,103.109052203795,31.6593680732578,0,0,0,1,0
252.5,0.573158908935625,11.8879904377745,199.4,103.35971054838,30.6767212590286,0,0,0,1,0
253,0.584898385077682,11.8203324887401,198.3,103.553321700339,29.3041073081013,0,0,0,1,0
253.5,0.690679106545217,12.3574670455627,197.2,103.835401762907,27.6270169897095,0,0,0,1,0
254,0.645742587642054,11.5666669939611,196.1,104.047520228766,25.128084059348,0,0,0,1,0
254.5,0.597145964204276,11.4291401834621,195,104.198840139536,25.0524312287867,0,0,0,1,0
255,0.665468103891471,11.5718637710661,227.909629411517,104.462382047272,24.3547856122105,0,0,0,1,0
255.5,0.547763207579519,11.5813313087521,226.62790515096,104.603955382165,23.4404462207482,0,0,0,1,0
256,0.582586659483237,11.713278140705,229.789006877299,104.73174273737,23.6599428950565,0,0,0,1,0
256.5,0.670628058036465,11.7663060243449,227.659414662934,104.966163227855,22.6216410848136,0,0,0,1,0
257,0.67511914642914,11.7562932879947,230.421073246323,105.138617671479,22.5825502897397,0,0,0,1,0
257.5,0.636518799726864,11.9082668871439,227.730591781256,105.313081066776,23.5699512583586,0,0,0,1,0
258,0.624537613595168,11.8778532407687,227.981123624364,105.524983608261,22.3463298292295,0,0,0,1,0
258.5,0.57069369302118,11.9502457969377,227.724417985674,105.720538519975,22.5529092263567,0,0,0,1,0
259,0.637244982521214,12.1556511798582,225.236285153451,105.929399419578,22.3997737441306,0,0,0,1,0
259.5,0.558592251509717,12.0446125103468,225.219145400303,106.1630027444,21.9925822802727,0,0,0,1,0
260,0.628726036582472,11.543348779079,225.116337981744,106.324576199708,22.9616980114362,0,0,0,1,0
260.5,0.614092069132263,11.3342090967433,233.3544895166,106.483364484362,23.0867788635689,0,0,0,1,0
261,0.656965313451525,11.9803862933903,227.399433041351,106.59839054938,23.4847448863355,0,0,0,1,0
261.5,0.578706607721414,11.432872263253,230.821234962859,106.798878417877,24.1022741931855,0,0,0,1,0
262,0.631806994570148,11.8133513822874,229.047469011466,107.052092505765,24.830393989866,0,0,0,1,0
262.5,0.639658904069479,11.8070958971675,233.577840902059,107.236979305406,25.2607809620244,0,0,0,1,0
263,0.555081144294963,12.2454336156336,230.781215919485,107.482045682122,25.5485947885719,0,0,0,1,0
263.5,0.607812242213877,11.7861571491956,224.319108468553,107.729061369407,25.7690328087691,0,0,0,1,0
264,0.679862695563878,11.6985353870771,227.018282578517,107.998598918733,27.0577540391404,0,0,0,1,0
264.5,0.605621985529687,11.8471619345152,230.674939202124,108.268067824568,26.8929875754556,0,0,0,1,0
265,0.584568753272649,11.8491609703788,228.864556734392,108.453625765422,27.3660636973941,0,0,0,1,0
265.5,0.622832980455758,11.8140090418834,234.795586300717,108.630783885092,28.6153295529888,0,0,0,1,0
266,0.586244958471617,11.678283897984,227.856329008609,108.853203385975,28.3716148837855,0,0,0,1,0
266.5,0.622157180439189,11.5554813239627,223.344407794403,109.039960715832,27.7911503979765,0,0,0,1,0
267,0.593261743663858,11.8633000721595,229.332249936095,109.332597813882,27.5031844919623,0,0,0,1,0
267.5,0.599083588513066,11.5314261526756,225.264543369571,109.621590101489,26.5157934473128,0,0,0,1,0
268,0.623039471250361,11.5935631311856,228.148303942616,109.846346922437,26.8540880914945,0,0,0,1,0
268.5,0.668115773217115,12.066243177013,231.234137624458,110.044990569238,27.0499106352704,0,0,0,1,0
269,0.622593728369035,11.716219360994,228.924536279943,110.29053095973,27.0842284642347,0,0,0,1,0
269.5,0.682419182852309,11.7719356555887,228.898915628106,110.477717278511,28.1601507499316,0,0,0,1,0
270,0.498581901957362,11.9799644657794,227.408344633375,110.691466439714,27.7339923979951,0,0,0,1,0
270.5,0.577537159427755,11.7399777988769,227.560732701171,110.884943104698,27.5922468394199,0,0,0,1,0
271,0.611799660085597,12.0058731424206,227.690787390663,111.110222424662,26.9863364410048,0,0,0,1,0
271.5,0.558241351810836,11.7309868056865,219.603054162503,111.386639944993,27.3504936825497,0,0,0,1,0
272,0.536202241829589,12.0025603728526,229.179825528136,111.643763847048,26.4540003045242,0,0,0,1,0
272.5,0.630851754064029,11.9258669169863,230.970741457956,111.920944004774,27.0786616216037,0,0,0,1,0
273,0.630635075185364,11.7573969834718,224.107101267984,112.095208292521,27.3490902665166,0,0,0,1,0
273.5,0.614469057764744,11.6268605383279,223.434094913888,112.324198376117,28.4451565078367,0,0,0,1,0
274,0.619765806118423,11.5913783397325,229.863033922992,112.495030985107,29.0413423583718,0,0,0,1,0
274.5,0.556471857897149,11.7459862374704,223.477432244629,112.734272413645,28.7562659436448,0,0,0,1,0
275,0.575115581089789,11.7123717288796,222.961793584926,112.970557295257,28.0077350866246,0,0,0,1,0
275.5,0.594666409147192,11.7182651370407,230.366928602191,113.255372813685,27.0359769097232,0,0,0,1,0
276,0.565608543228607,11.9967090470411,226.037152918396,113.530334287859,26.3538686036579,0,0,0,1,0
276.5,0.616594043849071,11.7404605711981,231.734709030951,113.782995440297,25.9770048777397,0,0,0,1,0
277,0.718261237129946,12.0287357821542,224.123206746405,113.977741770933,25.6362956489435,0,0,0,1,0
277.5,0.575888464076512,11.6936759764986,226.156942579132,114.173942080584,25.9632939735741,0,0,0,1,0
278,0.632372410335038,11.9945131456017,228.725085634065,114.291364009492,26.3090393773458,0,0,0,1,0
278.5,0.548278764138292,11.6955499030013,229.648047443975,114.488948782596,25.6142256256422,0,0,0,1,0
279,0.666977729895206,11.8353155589285,229.402902952688,114.631388955852,24.727643280446,0,0,0,1,0
279.5,0.551542982208558,11.9941475647109,228.574371009027,114.897880244776,24.4215480056282,0,0,0,1,0
280,0.61043578006361,11.7172055450052,227.3105851327,115.162977243369,25.687615237843,0,0,0,1,0
280.5,0.569070332231973,11.712345896359,226.262349480231,115.389891615822,26.7826811546078,0,0,0,1,0
281,0.625600782186823,12.2006781221725,229.4414435315,115.590971227896,27.7445527408959,0,0,0,1,0
281.5,0.600567708555041,11.9901986999098,226.8395020744,115.818124440766,28.1145822562125,0,0,0,1,0
282,0.597800568686665,11.7135992312544,229.264846624108,116.118376374087,28.3730021601216,0,0,0,1,0
282.5,0.747454627065779,11.9297881474727,231.263117565806,116.405832176801,28.0555452375779,0,0,0,1,0
283,0.568497690323633,11.7279847397692,221.252004304668,116.603410071234,27.9578188412843,0,0,0,1,0
283.5,0.59765603002309,11.9411770038699,233.413440418708,116.83183063728,28.4148731946298,0,0,0,1,0
284,0.734151275538587,12.0831698136873,226.103818861704,116.995805802529,27.7231868864354,0,0,0,1,0
284.5,0.542665465691048,11.4790968662806,231.94937462159,117.235842347907,27.9401208041237,0,0,0,1,0
285,0.627649937273313,12.0057706138004,232.654776175472,117.492795480143,26.4585688167083,0,0,0,1,0
285.5,0.546177079545375,12.0915935561324,223.59327568948,117.757797715374,25.4231662129412,0,0,0,1,0
286,0.65153197920434,11.809494264655,228.530815068261,117.901236801766,26.1650377227799,0,0,0,1,0
286.5,0.616376490623811,12.1492513420237,238.398779743175,118.146467841109,26.2429143151251,0,0,0,1,0
287,0.632606240563497,11.8310775028402,227.356119826665,118.323257108812,26.8169672300497,0,0,0,1,0
287.5,0.586056944180609,11.5525760630675,229.458847690259,118.524429361213,26.9405682128325,0,0,0,1,0
288,0.612259579686201,11.3613011442331,228.992655359769,118.783829881465,27.4778298333566,0,0,0,1,0
288.5,0.673625673941079,11.7333185865473,231.80370624279,119.01874016354,26.5637067759888,0,0,0,1,0
289,0.48624492288263,11.9427086605128,231.271542616634,119.2305530717,26.6723776397183,0,0,0,1,0
289.5,0.518335463753938,11.8634815466469,225.160648168993,119.480889698977,25.6722605801713,0,0,0,1,0
290,0.620773446848938,11.8827220780586,226.684502569168,119.782614632922,25.6242218468757,0,0,0,1,0
290.5,0.567261557407099,11.6845828832724,229.029662016797,119.971439946706,25.4474282541437,0,0,0,1,0
291,0.58518258422967,11.8288003602809,227.82478985416,120.123934938409,25.3206307130326,0,0,0,1,0
291.5,0.525154056177622,11.4722668540132,235.604924063205,120.285822889457,23.8902452754771,0,0,0,1,0
292,0.554758277633615,11.6479820002729,229.315936313281,120.458608929385,24.1300687077069,0,0,0,1,0
292.5,0.57979092274844,11.6362413807499,229.312553153996,120.645048382392,23.2989763703861,0,0,0,1,0
293,0.563710091697552,11.9039457776267,225.486972014439,120.893882440885,22.9780143302773,0,0,0,1,0
293.5,0.556675748732019,11.7971679881806,224.077492151926,121.009593936497,22.8387719874857,0,0,0,1,0
294,0.578907660977901,11.5688941263426,230.382428146265,121.241392130676,23.6533666611895,0,0,0,1,0
294.5,0.552866683785969,11.7980950167804,227.408208631663,121.422471063176,23.7881597873352,0,0,0,1,0
295,0.667094185862897,11.6620378924737,229.947458448763,121.697449160445,23.9457914986885,0,0,0,1,0
295.5,0.550578264385257,11.6666601692798,225.505577183521,121.874670945664,24.1924344043782,0,0,0,1,0
296,0.690897134382174,11.972829884233,230.687862180003,122.095048826842,23.7091484838759,0,0,0,1,0
296.5,0.581278169674602,11.8226838872454,222.559540738715,122.268169538402,24.6457227401391,0,0,0,1,0
297,0.527412964004131,11.8796725692332,232.700050361844,122.454091554276,25.1811355188455,0,0,0,1,0
297.5,0.569065909621627,11.9767939780469,230.539501993676,122.661084582757,25.5646536987174,0,0,0,1,0
298,0.646725048114778,11.8360515387974,228.330464508767,122.869644814541,24.6355639520105,0,0,0,1,0
298.5,0.652796462824636,11.9101709044115,224.516695414751,123.063404164842,25.1168424842716,0,0,0,1,0
299,0.608011363837432,11.9365928552224,226.807392892314,123.339820090579,24.8954252747538,0,0,0,1,0
